type,tcgplayer_url,cardmarket_url,card_info_name,card_info_clean_name,card_info_set_name,card_info_set_code,card_info_set_id,card_info_card_number,card_info_rarity,card_info_card_type,card_info_hp,card_info_stage,card_info_card_text,card_info_attacks,card_info_weakness,card_info_resistance,card_info_retreat_cost,tcgplayer_prices_low_price,tcgplayer_prices_mid_price,tcgplayer_prices_high_price,tcgplayer_prices_updated_at,tcgplayer_prices_market_price,tcgplayer_prices_direct_low_price,tcgplayer_prices_sub_type_name,cardmarket_prices_avg,cardmarket_prices_low,cardmarket_prices_avg1,cardmarket_prices_avg7,cardmarket_prices_avg30,cardmarket_prices_trend,cardmarket_prices_updated_at,cardmarket_prices_variant_type,tcgplayer_prices,cardmarket_prices
Card,https://www.tcgplayer.com/product/610465,https://www.cardmarket.com/en/Pokemon/Products/Singles/Prismatic-Evolutions/Glass-Trumpet-PRE110,Glass Trumpet,Glass Trumpet,SV: Prismatic Evolutions,PRE,23821,110/131,Uncommon,Trainer - Item,,,You can use this card only if you have any Tera Pokemon in play.<br>Choose up to 2 of your Benched Colorless Pokemon and attach a Basic Energy card from your discard pile to each of them.,[],,,,0.01,0.15,999.0,2026-06-12T08:53:22.81957,0.08,0.01,Normal,0.04,0.02,0.03,0.03,0.04,0.03,2026-06-12T08:38:23.984889,normal,,
Card,,https://www.cardmarket.com/en/Pokemon/Products/Singles/Prismatic-Evolutions/Jolteon-ex-V1-PRE030,Jolteon ex,,,PRE,23821,30,,,,,,,,,,,,,,,,,3.09,0.9,2.97,3.24,3.11,3.12,2026-06-12T08:38:23.984889,normal,,
Card,https://www.tcgplayer.com/product/610474,https://www.cardmarket.com/en/Pokemon/Products/Singles/Prismatic-Evolutions/Prime-Catcher-PRE119,Prime Catcher,Prime Catcher,SV: Prismatic Evolutions,PRE,23821,119/131,ACE SPEC Rare,Trainer - Item,,,"Switch in 1 of your opponent's Benched Pokemon to the Active Spot. If you do, switch your Active Pokemon with 1 of your Benched Pokemon.",[],,,,0.09,0.75,4321.0,2026-06-12T08:53:22.81957,0.74,0.6,Holofoil,0.67,0.1,0.72,0.66,0.67,0.72,2026-06-12T08:38:23.984889,normal,,
Card,https://www.tcgplayer.com/product/610487,https://www.cardmarket.com/en/Pokemon/Products/Singles/Prismatic-Evolutions/Amarys-V2-PRE132,Amarys - 132/131,Amarys,SV: Prismatic Evolutions,PRE,23821,132/131,Ultra Rare,Trainer - Supporter,,,"Draw 4 cards. At the end of this turn, if you have 5 or more cards in your hand, discard your hand.",[],,,,0.15,0.78,4321.0,2026-06-12T08:53:22.81957,0.53,0.56,Holofoil,0.77,0.02,0.88,0.81,0.77,0.74,2026-06-12T08:38:23.984889,normal,,
Card,,https://www.cardmarket.com/en/Pokemon/Products/Singles/Prismatic-Evolutions/Larvitar-PRE047,Larvitar,,,PRE,23821,47,,,,,,,,,,,,,,,,,0.04,0.02,0.02,0.03,0.04,0.04,2026-06-12T08:38:23.984889,normal,,
Card,https://www.tcgplayer.com/product/610472,https://www.cardmarket.com/en/Pokemon/Products/Singles/Prismatic-Evolutions/Maximum-Belt-PRE117,Maximum Belt,Maximum Belt,SV: Prismatic Evolutions,PRE,23821,117/131,ACE SPEC Rare,Trainer - Pokemon Tool,,,Attacks used by the Pokemon this card is attached to do 50 more damage to your opponent's Active Pokemon ex <em>(before applying Weakness and Resistance)</em>.,[],,,,0.1,0.66,4321.0,2026-06-12T08:53:22.81957,0.49,,Holofoil,1.21,0.1,1.85,1.31,1.21,1.36,2026-06-12T08:38:23.984889,normal,,
Card,,https://www.cardmarket.com/en/Pokemon/Products/Singles/Prismatic-Evolutions/Iron-Boulder-PRE046,Iron Boulder,,,PRE,23821,46,,,,,,,,,,,,,,,,,0.05,0.02,0.06,0.05,0.05,0.08,2026-06-12T08:38:23.984889,normal,,
Card,https://www.tcgplayer.com/product/610481,https://www.cardmarket.com/en/Pokemon/Products/Singles/Prismatic-Evolutions/Rescue-Board-PRE126,Rescue Board,Rescue Board,SV: Prismatic Evolutions,PRE,23821,126/131,Uncommon,Trainer - Pokemon Tool,,,"The Retreat Cost of the Pokemon this card is attached to is Colorless less. If that Pokemon's remaining HP is 30 or less, it has no Retreat Cost.",[],,,,0.01,0.15,999.0,2026-06-12T08:53:22.81957,0.1,0.01,Normal,0.02,0.02,0.02,0.02,0.02,0.03,2026-06-12T08:38:23.984889,normal,,
Card,,https://www.cardmarket.com/en/Pokemon/Products/Singles/Prismatic-Evolutions/Dusclops-PRE036,Dusclops,,,PRE,23821,36,,,,,,,,,,,,,,,,,0.18,0.02,0.27,0.18,0.17,0.12,2026-06-12T08:38:23.984889,holo,,
Card,,https://www.cardmarket.com/en/Pokemon/Products/Singles/Prismatic-Evolutions/Snorlax-ex-PRE076,Snorlax ex,,,PRE,23821,76,,,,,,,,,,,,,,,,,1.17,0.15,1.05,1.36,1.19,1.32,2026-06-12T08:38:23.984889,normal,,
Card,,https://www.cardmarket.com/en/Pokemon/Products/Singles/Prismatic-Evolutions/Wellspring-Mask-Ogerpon-ex-V1-PRE027,Wellspring Mask Ogerpon ex,,,PRE,23821,27,,,,,,,,,,,,,,,,,0.98,0.2,1.38,1.09,0.98,1.06,2026-06-12T08:38:23.984889,normal,,
Card,,https://www.cardmarket.com/en/Pokemon/Products/Singles/Prismatic-Evolutions/Espeon-ex-V1-PRE034,Espeon ex,,,PRE,23821,34,,,,,,,,,,,,,,,,,2.91,0.69,2.58,2.97,2.92,2.9,2026-06-12T08:38:23.984889,normal,,
Card,https://www.tcgplayer.com/product/610494,https://www.cardmarket.com/en/Pokemon/Products/Singles/Prismatic-Evolutions/Larrys-Skill-V2-PRE139,Larry's Skill - 139/131,Larry's Skill,SV: Prismatic Evolutions,PRE,23821,139/131,Ultra Rare,Trainer - Supporter,,,"Discard your hand and search your deck for a Pokemon, a Supporter card, and a Basic Energy card, reveal them, and put them into your hand. Then, shuffle your deck.",[],,,,0.3,1.0,999.0,2026-06-12T08:53:22.81957,0.97,,Holofoil,1.16,0.15,1.23,1.17,1.17,1.02,2026-06-12T08:38:23.984889,normal,,
Card,,https://www.cardmarket.com/en/Pokemon/Products/Singles/Prismatic-Evolutions/Dudunsparce-PRE080,Dudunsparce,,,PRE,23821,80,,,,,,,,,,,,,,,,,0.25,0.02,0.3,0.27,0.25,0.31,2026-06-12T08:38:23.984889,normal,,
Card,https://www.tcgplayer.com/product/610503,https://www.cardmarket.com/en/Pokemon/Products/Singles/Prismatic-Evolutions/Hearthflame-Mask-Ogerpon-ex-V2-PRE148,Hearthflame Mask Ogerpon ex - 148/131,Hearthflame Mask Ogerpon ex,SV: Prismatic Evolutions,PRE,23821,148/131,Special Illustration Rare,Fire,210.0,Basic,,"['[RCC] Wrathful Hearth (20x)<br> This attack does 20 damage for each damage counter on this Pokemon.', ""[RRR] Dynamic Blaze (140+)<br> If your opponent's Active Pokemon is an Evolution Pokemon, this attack does 140 more damage, and discard all Energy from this Pokemon.""]",Wx2,,1.0,18.0,23.0,999.0,2026-06-12T08:53:22.81957,20.26,,Holofoil,18.28,8.0,29.64,19.76,18.55,17.86,2026-06-12T08:38:23.984889,normal,,
Card,https://www.tcgplayer.com/product/610476,https://www.cardmarket.com/en/Pokemon/Products/Singles/Prismatic-Evolutions/Professor-Turos-Scenario-PRE121,Professor Turo's Scenario,Professor Turos Scenario,SV: Prismatic Evolutions,PRE,23821,121/131,Uncommon,Trainer - Supporter,,,Put 1 of your Pokemon in play into your hand. <em>(Discard all cards attached to that Pokemon.)</em>,[],,,,0.01,0.15,999.0,2026-06-12T08:53:22.81957,0.14,0.06,Normal,0.03,0.02,0.02,0.02,0.03,0.03,2026-06-12T08:38:23.984889,normal,,
Card,https://www.tcgplayer.com/product/610467,https://www.cardmarket.com/en/Pokemon/Products/Singles/Prismatic-Evolutions/Janines-Secret-Art-V1-PRE112,Janine's Secret Art - 112/131,Janine's Secret Art,SV: Prismatic Evolutions,PRE,23821,112/131,Uncommon,Trainer - Supporter,,,"Choose up to 2 of your Darkness Pokemon. For each of those Pokemon, search your deck for a Basic Darkness Energy card and attach it to that Pokemon. Then, shuffle your deck. If you attached Energy to your Active Pokemon in this way, it is now Poisoned.",[],,,,0.01,0.22,999.0,2026-06-12T08:53:22.81957,0.22,0.01,Reverse Holofoil,0.06,0.02,0.02,0.05,0.05,0.06,2026-06-12T08:38:23.984889,normal,,
Card,,https://www.cardmarket.com/en/Pokemon/Products/Singles/Prismatic-Evolutions/Aromatisse-PRE039,Aromatisse,,,PRE,23821,39,,,,,,,,,,,,,,,,,0.03,0.02,0.02,0.03,0.03,0.02,2026-06-12T08:38:23.984889,normal,,
Card,https://www.tcgplayer.com/product/610525,https://www.cardmarket.com/en/Pokemon/Products/Singles/Prismatic-Evolutions/Amarys-V3-PRE170,Amarys - 170/131,Amarys,SV: Prismatic Evolutions,PRE,23821,170/131,Special Illustration Rare,Trainer - Supporter,,,"Draw 4 cards. At the end of this turn, if you have 5 or more cards in your hand, discard your hand.",[],,,,13.25,17.5,999.0,2026-06-12T08:53:22.81957,15.91,17.0,Holofoil,19.99,12.9,15.99,18.6,19.33,18.51,2026-06-12T08:38:23.984889,normal,,
Card,https://www.tcgplayer.com/product/610461,https://www.cardmarket.com/en/Pokemon/Products/Singles/Prismatic-Evolutions/Earthen-Vessel-PRE106,Earthen Vessel,Earthen Vessel,SV: Prismatic Evolutions,PRE,23821,106/131,Uncommon,Trainer - Item,,,"You can use this card only if you discard another card from your hand.<br>Search your deck for up to 2 Basic Energy cards, reveal them, and put them into your hand. Then, shuffle your deck.",[],,,,0.04,0.3,999.0,2026-06-12T08:53:22.81957,0.3,0.18,Reverse Holofoil,0.07,0.02,0.02,0.05,0.07,0.08,2026-06-12T08:38:23.984889,normal,,
Card,https://www.tcgplayer.com/product/165665,https://www.cardmarket.com/en/Pokemon/Products/Singles/Forbidden-Light/Litleo-FLI018,Litleo,Litleo,SM - Forbidden Light,SM06,2209,18/131,Common,Fire,70.0,Basic,,['[2] Headbutt (20)'],Wx2,,2.0,15.29,17.65,20.0,2026-06-07T08:18:32.103877,1.26,,Reverse Holofoil,0.18,0.02,0.09,0.17,0.16,0.28,2026-06-07T07:58:38.080911,normal,,
Card,https://www.tcgplayer.com/product/605521,https://www.cardmarket.com/en/Pokemon/Products/Singles/Premium-Champion-Pack/Remoraid,Remoraid,Remoraid,CP4: Premium Champion Pack,CP4,23972,024/131,,Water,60.0,Basic,,"['[Colorless] Wild River<br> Switch this Pokémon with 1 of your Benched Pokémon.', '[Water][Colorless] Water Gun (20)']",Grass x2,,1.0,2.5,4.95,7.89,2026-06-07T08:18:41.300825,,,Normal,0.35,0.2,0.3,0.7,0.71,0.58,2026-06-07T07:58:42.177899,holo,,
Card,https://www.tcgplayer.com/product/610471,https://www.cardmarket.com/en/Pokemon/Products/Singles/Prismatic-Evolutions/Max-Rod-PRE116,Max Rod,Max Rod,SV: Prismatic Evolutions,PRE,23821,116/131,ACE SPEC Rare,Trainer - Item,,,Put up to 5 in any combination of Pokemon and Basic Energy cards from your discard pile into your hand.,[],,,,0.35,0.89,4321.0,2026-06-12T08:53:22.81957,0.75,0.84,Holofoil,0.94,0.1,1.5,0.95,0.95,0.97,2026-06-12T08:38:23.984889,normal,,
Card,https://www.tcgplayer.com/product/610482,https://www.cardmarket.com/en/Pokemon/Products/Singles/Prismatic-Evolutions/Roto-Stick-PRE127,Roto-Stick,Roto Stick,SV: Prismatic Evolutions,PRE,23821,127/131,Common,Trainer - Item,,,Look at the top 4 cards of your deck. You may reveal any number of Supporter cards you find there and put them into your hand. Shuffle the other cards back into your deck.,[],,,,0.03,0.25,999.0,2026-06-12T08:53:22.81957,0.25,,Reverse Holofoil,0.07,0.02,0.03,0.09,0.08,0.11,2026-06-12T08:38:23.984889,normal,,
Card,,https://www.cardmarket.com/en/Pokemon/Products/Singles/Prismatic-Evolutions/Fezandipiti-PRE045,Fezandipiti,,,PRE,23821,45,,,,,,,,,,,,,,,,,0.1,0.02,0.13,0.1,0.1,0.09,2026-06-12T08:38:23.984889,holo,,
Card,https://www.tcgplayer.com/product/610458,https://www.cardmarket.com/en/Pokemon/Products/Singles/Prismatic-Evolutions/Carmine-PRE103,Carmine,Carmine,SV: Prismatic Evolutions,PRE,23821,103/131,Uncommon,Trainer - Supporter,,,"If you go first, you may use this card during your first turn.<br>Discard your hand and draw 5 cards.",[],,,,0.03,0.22,999.0,2026-06-12T08:53:22.81957,0.21,0.1,Reverse Holofoil,0.05,0.02,0.05,0.06,0.06,0.05,2026-06-12T08:38:23.984889,normal,,
Card,https://www.tcgplayer.com/product/610368,https://www.cardmarket.com/en/Pokemon/Products/Singles/Prismatic-Evolutions/Flareon-PRE013,Flareon,Flareon,SV: Prismatic Evolutions,PRE,23821,013/131,Rare,Fire,130.0,Stage 1,,"[""[R] Destructive Flame (30)<br> Flip a coin. If heads, discard an Energy from your opponent's Active Pokemon."", ""[RCC] Fighting Blaze (90+)<br> If your opponent's Active Pokemon is a Pokemon ex or Pokemon V, this attack does 90 more damage.""]",Wx2,,2.0,0.01,0.31,4321.0,2026-06-07T08:18:25.063387,0.32,0.18,Holofoil,0.29,0.02,0.24,0.34,0.28,0.32,2026-06-07T07:58:50.864461,holo,,
Card,https://www.tcgplayer.com/product/619725,,Eevee - 074/131 (Pokemon Day 2025) (Reverse Cosmos Holo),Eevee 074 131 Pokemon Day 2025 Reverse Cosmos Holo,Miscellaneous Cards & Products,MCAP,2374,074/131,Promo,Colorless,50.0,Basic,"<strong>Ability: Boosted Evolution</strong> As long as this Pokemon is in the Active Spot, it can evolve during your first turn or the turn you play it.",['[CC] Reckless Charge (30)<br> This Pokemon also does 10 damage to itself.'],Fx2,,1.0,2.49,5.19,96.95,2026-06-07T08:18:38.119676,4.93,5.17,Reverse Holofoil,,,,,,,,,,
Card,https://www.tcgplayer.com/product/610478,https://www.cardmarket.com/en/Pokemon/Products/Singles/Prismatic-Evolutions/Professors-Research-Professor-Elm-PRE124,Professor's Research [Professor Elm],Professors Research Professor Elm,SV: Prismatic Evolutions,PRE,23821,123/131,Common,Trainer - Supporter,,,Discard your hand and draw 7 cards.,[],,,,0.01,0.15,999.0,2026-06-12T08:53:22.81957,0.12,0.01,Normal,0.1,0.02,0.05,0.1,0.09,0.11,2026-06-12T08:38:23.984889,holo,,
Card,https://www.tcgplayer.com/product/165672,https://www.cardmarket.com/en/Pokemon/Products/Singles/Forbidden-Light/Frogadier-FLI23,Frogadier,Frogadier,SM - Forbidden Light,SM06,2209,23/131,Uncommon,Water,80.0,Stage 1,"<strong>Ability — Gale Shuriken</strong>
<br>When you play this Pokémon from your hand to evolve 1 of your Pokémon during your turn, you may put 2 damage counters on 1 of your opponent's Pokémon.",['[W] Water Drip (20)'],Gx2,,1.0,0.25,1.18,19.98,2026-06-07T08:18:32.103877,1.08,1.47,Reverse Holofoil,0.13,0.02,0.06,0.12,0.19,0.15,2026-06-07T07:58:38.080911,normal,,
Card,https://www.tcgplayer.com/product/610457,https://www.cardmarket.com/en/Pokemon/Products/Singles/Prismatic-Evolutions/Bug-Catching-Set-PRE102,Bug Catching Set,Bug Catching Set,SV: Prismatic Evolutions,PRE,23821,102/131,Uncommon,Trainer - Item,,,Look at the top 7 cards of your deck. You may reveal up to 2 in any combination of Grass Pokemon and Basic Grass Energy cards you find there and put them into your hand. Shuffle the other cards back into your deck.,[],,,,0.01,0.2,999.0,2026-06-12T08:53:22.81957,0.17,,Normal,0.09,0.02,0.12,0.11,0.09,0.09,2026-06-12T08:38:23.984889,normal,,
Card,https://www.tcgplayer.com/product/610488,https://www.cardmarket.com/en/Pokemon/Products/Singles/Prismatic-Evolutions/Atticus-V1-PRE133,Atticus - 133/131,Atticus,SV: Prismatic Evolutions,PRE,23821,133/131,Ultra Rare,Trainer - Supporter,,,"You can use this card only if your opponent's Active Pokemon is Poisoned.<br>Shuffle your hand into your deck. Then, draw 7 cards.",[],,,,0.35,0.95,999.99,2026-06-12T08:53:22.81957,0.77,,Holofoil,,,,,,0.0,2026-06-12T08:38:23.984889,holo,,
Card,https://www.tcgplayer.com/product/610496,https://www.cardmarket.com/en/Pokemon/Products/Singles/Prismatic-Evolutions/Ortega-PRE141,Ortega,Ortega,SV: Prismatic Evolutions,PRE,23821,141/131,Ultra Rare,Trainer - Supporter,,,"Your opponent reveals their hand, and you choose a card you find there and put it on the bottom of their deck. If you put a card on the bottom of your opponent's deck in this way, your opponent may draw a card.",[],,,,0.2,0.75,4321.0,2026-06-12T08:53:22.81957,0.52,,Holofoil,0.7,0.09,0.72,0.73,0.71,0.72,2026-06-12T08:38:23.984889,normal,,
Card,https://www.tcgplayer.com/product/165676,https://www.cardmarket.com/en/Pokemon/Products/Singles/Forbidden-Light/Clauncher-FLI025,Clauncher,Clauncher,SM - Forbidden Light,SM06,2209,25/131,Common,Water,60.0,Basic,,['[W] Water Gun (10)'],Gx2,,1.0,0.15,0.4,19.98,2026-06-07T08:18:32.103877,0.34,,Reverse Holofoil,0.36,0.12,0.3,0.43,0.36,0.43,2026-06-07T07:58:38.080911,holo,,
Card,https://www.tcgplayer.com/product/605626,https://www.cardmarket.com/en/Pokemon/Products/Singles/Premium-Champion-Pack/Sky-Field,Sky Field,Sky Field,CP4: Premium Champion Pack,CP4,23972,129/131,,Trainer - Stadium,,,,[],,,,5.0,6.5,8.0,2026-06-07T08:18:41.300825,,,Normal,,1.49,,,,0.0,2026-06-07T07:58:42.177899,normal,,
Card,https://www.tcgplayer.com/product/610466,https://www.cardmarket.com/en/Pokemon/Products/Singles/Prismatic-Evolutions/Haban-Berry-PRE111,Haban Berry,Haban Berry,SV: Prismatic Evolutions,PRE,23821,111/131,Common,Trainer - Pokemon Tool,,,"If the Pokemon this card is attached to is damaged by an attack from your opponent's Dragon Pokemon, it takes 60 less damage <em>(after applying Weakness and Resistance)</em>, and discard this card.",[],,,,0.01,0.14,999.0,2026-06-12T08:53:22.81957,0.07,0.01,Normal,0.03,0.02,0.02,0.03,0.03,0.02,2026-06-12T08:38:23.984889,normal,,
Card,https://www.tcgplayer.com/product/610455,https://www.cardmarket.com/en/Pokemon/Products/Singles/Prismatic-Evolutions/Briar-PRE100,Briar,Briar,SV: Prismatic Evolutions,PRE,23821,100/131,Uncommon,Trainer - Supporter,,,"You can use this card only if your opponent has exactly 2 Prize cards remaining.<br>During this turn, if your opponent's Active Pokemon is Knocked Out by damage from an attack used by your Tera Pokemon, take 1 more Prize card.",[],,,,0.01,0.15,999.0,2026-06-12T08:53:22.81957,0.13,0.05,Normal,0.04,0.02,0.03,0.04,0.04,0.04,2026-06-12T08:38:23.984889,normal,,
Card,https://www.tcgplayer.com/product/610504,https://www.cardmarket.com/en/Pokemon/Products/Singles/Prismatic-Evolutions/Vaporeon-ex-V2-PRE149,Vaporeon ex - 149/131,Vaporeon ex,SV: Prismatic Evolutions,PRE,23821,149/131,Special Illustration Rare,Water,280.0,Stage 1,,"[""[WC] Severe Squall<br> This attack does 60 damage to each of your opponent's Pokemon ex. This attack's damage isn't affected by Weakness or Resistance."", ""[RWL] Aquamarine (280)<br> During your next turn, this Pokemon can't attack.""]",Lx2,,2.0,245.0,345.24,2000.0,2026-06-12T08:53:22.81957,291.39,,Holofoil,162.34,105.48,200.0,166.62,153.59,168.18,2026-06-12T08:38:23.984889,normal,,
Card,https://www.tcgplayer.com/product/610468,https://www.cardmarket.com/en/Pokemon/Products/Singles/Prismatic-Evolutions/Kieran-V1-PRE113,Kieran - 113/131,Kieran,SV: Prismatic Evolutions,PRE,23821,113/131,Uncommon,Trainer - Supporter,,,"Choose 1:<br>* Switch your Active Pokemon with 1 of your Benched Pokemon.<br>* During this turn, attacks used by your Pokemon do 30 more damage to your opponent's Active Pokemon ex and Active Pokemon V <em>(before applying Weakness and Resistance)</em>.",[],,,,0.01,0.2,999.0,2026-06-12T08:53:22.81957,0.16,0.02,Reverse Holofoil,0.05,0.02,0.04,0.04,0.05,0.05,2026-06-12T08:38:23.984889,normal,,
Card,,https://www.cardmarket.com/en/Pokemon/Products/Singles/Prismatic-Evolutions/Glaceon-PRE025,Glaceon,,,PRE,23821,25,,,,,,,,,,,,,,,,,0.27,0.02,0.25,0.27,0.26,0.28,2026-06-12T08:38:23.984889,holo,,
Card,https://www.tcgplayer.com/product/481934,,Beast Energy Prism Star - 2018 (Naohito Inoue),Beast Energy Prism Star 2018 Naohito Inoue,World Championship Decks,WCD,2282,117/131,Uncommon,Special Energy,,,"This card provides 1 Colorless Energy.
<br>While this card is attached to an Ultra Beast, it provides every type of Energy but provides only 1 Energy at a time. The attacks of the Ultra Beast this card is attached to do 30 more damage to your opponent's Active Pokémon <em>(before applying Weakness and Resistance)</em>.",[],,,,1.92,8.0,93.4,2026-06-07T08:18:32.103877,2.02,,Normal,,,,,,,,,,
Card,https://www.tcgplayer.com/product/610501,https://www.cardmarket.com/en/Pokemon/Products/Singles/Prismatic-Evolutions/Flareon-ex-V2-PRE146,Flareon ex - 146/131,Flareon ex,SV: Prismatic Evolutions,PRE,23821,146/131,Special Illustration Rare,Fire,270.0,Stage 1,,"['[RC] Burning Charge (130)<br> Search your deck for up to 2 Basic Energy cards and attach them to 1 of your Pokemon. Then, shuffle your deck.', ""[RWL] Carnelian (280)<br> During your next turn, this Pokemon can't attack.""]",Wx2,,2.0,180.0,227.18,1595.1,2026-06-12T08:53:22.81957,203.96,203.96,Holofoil,144.49,85.0,169.0,149.61,144.27,155.61,2026-06-12T08:38:23.984889,normal,,
Card,https://www.tcgplayer.com/product/610479,https://www.cardmarket.com/en/Pokemon/Products/Singles/Prismatic-Evolutions/Professors-Research-Professor-Rowan-PRE124,Professor's Research [Professor Rowan],Professors Research Professor Rowan,SV: Prismatic Evolutions,PRE,23821,124/131,Common,Trainer - Supporter,,,Discard your hand and draw 7 cards.,[],,,,0.01,0.15,999.0,2026-06-12T08:53:22.81957,0.09,0.01,Normal,0.03,0.02,0.02,0.03,0.03,0.04,2026-06-12T08:38:23.984889,normal,,
Card,,https://www.cardmarket.com/en/Pokemon/Products/Singles/Prismatic-Evolutions/Pikachu-ex-PRE028,Pikachu ex,,,PRE,23821,28,,,,,,,,,,,,,,,,,2.52,0.6,2.55,2.07,2.13,2.28,2026-06-12T08:38:23.984889,normal,,
Card,https://www.tcgplayer.com/product/610489,https://www.cardmarket.com/en/Pokemon/Products/Singles/Prismatic-Evolutions/Atticus-V2-PRE134,Atticus - 134/131,Atticus,SV: Prismatic Evolutions,PRE,23821,134/131,Ultra Rare,Trainer - Supporter,,,"You can use this card only if your opponent's Active Pokemon is Poisoned.<br>Shuffle your hand into your deck. Then, draw 7 cards.",[],,,,0.29,0.85,999.0,2026-06-12T08:53:22.81957,0.77,0.69,Holofoil,0.69,0.08,0.66,0.7,0.7,0.72,2026-06-12T08:38:23.984889,normal,,
Card,,https://www.cardmarket.com/en/Pokemon/Products/Singles/Prismatic-Evolutions/Sylveon-ex-V1-PRE041,Sylveon ex,,,PRE,23821,41,,,,,,,,,,,,,,,,,2.35,0.5,2.33,2.5,2.39,2.54,2026-06-12T08:38:23.984889,normal,,
Card,https://www.tcgplayer.com/product/610367,https://www.cardmarket.com/en/Pokemon/Products/Singles/Prismatic-Evolutions/Teal-Mask-Ogerpon-ex-V1-PRE012,Teal Mask Ogerpon ex - 012/131,Teal Mask Ogerpon ex,SV: Prismatic Evolutions,PRE,23821,012/131,Double Rare,Grass,210.0,Basic,"<strong>Ability: Teal Dance</strong> Once during your turn, you may attach a Basic Grass Energy card from your hand to this Pokemon. If you attached Energy to a Pokemon in this way, draw a card.",['[GGG] Myriad Leaf Shower (30+)<br> This attack does 30 more damage for each Energy attached to both Active Pokemon.'],Rx2,,1.0,2.8,4.03,4321.0,2026-06-07T08:18:25.063387,3.53,,Holofoil,,,,,,0.0,2026-06-07T07:58:50.864461,holo,,
Card,,https://www.cardmarket.com/en/Pokemon/Products/Singles/Prismatic-Evolutions/Seaking-PRE021,Seaking,,,PRE,23821,21,,,,,,,,,,,,,,,,,0.05,0.02,0.04,0.07,0.05,0.06,2026-06-12T08:38:23.984889,normal,,
Card,,https://www.cardmarket.com/en/Pokemon/Products/Singles/Prismatic-Evolutions/Sylveon-PRE040,Sylveon,,,PRE,23821,40,,,,,,,,,,,,,,,,,0.24,0.02,0.24,0.18,0.24,0.15,2026-06-12T08:38:23.984889,normal,,
Card,https://www.tcgplayer.com/product/610621,https://www.cardmarket.com/en/Pokemon/Products/Singles/Prismatic-Evolutions/Glass-Trumpet-PRE110,Glass Trumpet (Poke Ball Pattern),Glass Trumpet Poke Ball Pattern,SV: Prismatic Evolutions,PRE,23821,110/131,Uncommon,Trainer - Item,,,You can use this card only if you have any Tera Pokemon in play.<br>Choose up to 2 of your Benched Colorless Pokemon and attach a Basic Energy card from your discard pile to each of them.,[],,,,0.01,0.34,999.0,2026-06-07T08:18:25.063387,0.3,0.33,Holofoil,0.04,0.02,0.03,0.03,0.04,0.03,2026-06-07T07:58:50.864461,normal,,
Card,https://www.tcgplayer.com/product/610491,https://www.cardmarket.com/en/Pokemon/Products/Singles/Prismatic-Evolutions/Eri-PRE136,Eri,Eri,SV: Prismatic Evolutions,PRE,23821,136/131,Ultra Rare,Trainer - Supporter,,,"Your opponent reveals their hand, and you discard up to 2 Item cards you find there.",[],,,,0.4,1.17,9999.0,2026-06-12T08:53:22.81957,0.99,,Holofoil,1.01,0.2,1.05,0.99,1.02,1.18,2026-06-12T08:38:23.984889,normal,,
Card,https://www.tcgplayer.com/product/648647,,Glaceon ex - 026/131,Glaceon ex,Prize Pack Series Cards,22880,22880,026/131,Double Rare,Water,270.0,Stage 1,,"[""[WC] Frost Bullet (110)<br> This attack also does 30 damage to 1 of your opponent's Benched Pokemon. <em>(Don't apply Weakness and Resistance for Benched Pokemon.)</em>"", ""[GWD] Euclase<br> Knock Out 1 of your opponent's Pokemon that has exactly 6 damage counters on it.""]",Mx2,,1.0,14.0,22.05,156.8,2026-06-07T08:18:28.653306,19.68,,Holofoil,,,,,,,,,,
Card,https://www.tcgplayer.com/product/654775,,Flareon - 013/131 (Cosmos Holo),Flareon 013 131 Cosmos Holo,Miscellaneous Cards & Products,MCAP,2374,013/131,Rare,Fire,130.0,Stage 1,,"[""[R] Destructive Flame (30)<br> Flip a coin. If heads, discard an Energy from your opponent's Active Pokemon."", ""[RCC] Fighting Blaze (90+)<br> If your opponent's Active Pokemon is a Pokemon ex or Pokemon V, this attack does 90 more damage.""]",Wx2,,3.0,0.73,1.25,19.98,2026-06-07T08:18:38.119676,1.1,,Holofoil,,,,,,,,,,
Card,https://www.tcgplayer.com/product/610497,https://www.cardmarket.com/en/Pokemon/Products/Singles/Prismatic-Evolutions/Raifort-PRE142,Raifort,Raifort,SV: Prismatic Evolutions,PRE,23821,142/131,Ultra Rare,Trainer - Supporter,,,Look at the top 5 cards of your deck and discard any number of them. Put the other cards back in any order.,[],,,,0.24,0.93,4321.0,2026-06-12T08:53:22.81957,0.72,0.65,Holofoil,0.71,0.08,0.64,0.71,0.71,0.71,2026-06-12T08:38:23.984889,normal,,
Card,,https://www.cardmarket.com/en/Pokemon/Products/Singles/Prismatic-Evolutions/Iron-Hands-ex-V1-PRE031,Iron Hands ex,,,PRE,23821,31,,,,,,,,,,,,,,,,,0.7,0.1,0.65,0.65,0.7,0.62,2026-06-12T08:38:23.984889,normal,,
Card,,https://www.cardmarket.com/en/Pokemon/Products/Singles/Prismatic-Evolutions/Applin-PRE009,Applin,,,PRE,23821,9,,,,,,,,,,,,,,,,,0.1,0.02,0.15,0.12,0.1,0.08,2026-06-12T08:38:23.984889,holo,,
Card,https://www.tcgplayer.com/product/610535,https://www.cardmarket.com/en/Pokemon/Products/Singles/Prismatic-Evolutions/Terapagos-ex-V3-PRE180,Terapagos ex - 180/131,Terapagos ex,SV: Prismatic Evolutions,PRE,23821,180/131,Hyper Rare,Colorless,230.0,Basic,,"[""[CC] Unified Beatdown (30x)<br> If you go second, you can't use this attack during your first turn. This attack does 30 damage for each of your Benched Pokemon."", ""[GWL] Crown Opal (180)<br> During your opponent's next turn, prevent all damage done to this Pokemon by attacks from Basic non-Colorless Pokemon.""]",Fx2,,2.0,9.37,13.0,999.0,2026-06-12T08:53:22.81957,11.86,11.9,Holofoil,8.8,5.0,9.5,8.87,8.78,9.34,2026-06-12T08:38:23.984889,normal,,
Card,https://www.tcgplayer.com/product/610486,https://www.cardmarket.com/en/Pokemon/Products/Singles/Prismatic-Evolutions/Treasure-Tracker-PRE131,Treasure Tracker,Treasure Tracker,SV: Prismatic Evolutions,PRE,23821,131/131,ACE SPEC Rare,Trainer - Item,,,"Search your deck for up to 5 Pokemon Tool cards, reveal them, and put them into your hand. Then, shuffle your deck.",[],,,,0.01,0.42,999.0,2026-06-12T08:53:22.81957,0.36,0.31,Holofoil,0.34,0.02,0.39,0.42,0.35,0.37,2026-06-12T08:38:23.984889,normal,,
Card,https://www.tcgplayer.com/product/610459,https://www.cardmarket.com/en/Pokemon/Products/Singles/Prismatic-Evolutions/Ciphermaniacs-Codebreaking-PRE104,Ciphermaniac's Codebreaking,Ciphermaniacs Codebreaking,SV: Prismatic Evolutions,PRE,23821,104/131,Uncommon,Trainer - Supporter,,,"Search your deck for 2 cards, shuffle your deck, then put those cards on top of it in any order.",[],,,,0.01,0.24,999.0,2026-06-12T08:53:22.81957,0.22,0.03,Reverse Holofoil,0.14,0.02,0.1,0.19,0.14,0.21,2026-06-12T08:38:23.984889,holo,,
Card,https://www.tcgplayer.com/product/610475,https://www.cardmarket.com/en/Pokemon/Products/Singles/Prismatic-Evolutions/Professor-Sadas-Vitality-PRE120,Professor Sada's Vitality,Professor Sadas Vitality,SV: Prismatic Evolutions,PRE,23821,120/131,Uncommon,Trainer - Supporter,,,"Choose up to 2 of your Ancient Pokemon and attach a Basic Energy card from your discard pile to each of them. If you attached any Energy in this way, draw 3 cards.",[],,,,0.01,0.2,999.0,2026-06-12T08:53:22.81957,0.19,0.02,Reverse Holofoil,0.11,0.02,0.06,0.07,0.11,0.07,2026-06-12T08:38:23.984889,holo,,
Card,,https://www.cardmarket.com/en/Pokemon/Products/Singles/Prismatic-Evolutions/Scream-Tail-PRE042,Scream Tail,,,PRE,23821,42,,,,,,,,,,,,,,,,,0.03,0.02,0.02,0.02,0.03,0.02,2026-06-12T08:38:23.984889,normal,,
Card,,https://www.cardmarket.com/en/Pokemon/Products/Singles/Prismatic-Evolutions/Exeggutor-PRE002,Exeggutor,,,PRE,23821,2,,,,,,,,,,,,,,,,,0.03,0.02,0.02,0.03,0.03,0.03,2026-06-12T08:38:23.984889,normal,,
Card,https://www.tcgplayer.com/product/610500,https://www.cardmarket.com/en/Pokemon/Products/Singles/Prismatic-Evolutions/Teal-Mask-Ogerpon-ex-V2-PRE145,Teal Mask Ogerpon ex - 145/131,Teal Mask Ogerpon ex,SV: Prismatic Evolutions,PRE,23821,145/131,Special Illustration Rare,Grass,210.0,Basic,"<strong>Ability: Teal Dance</strong> Once during your turn, you may attach a Basic Grass Energy card from your hand to this Pokemon. If you attached Energy to a Pokemon in this way, draw a card.",['[GGG] Myriad Leaf Shower (30+)<br> This attack does 30 more damage for each Energy attached to both Active Pokemon.'],Rx2,,1.0,22.34,26.99,9999.0,2026-06-12T08:53:22.81957,24.25,,Holofoil,,,,,,0.0,2026-06-12T08:38:23.984889,holo,,
Card,,https://www.cardmarket.com/en/Pokemon/Products/Singles/Prismatic-Evolutions/Groudon-PRE049,Groudon,,,PRE,23821,49,,,,,,,,,,,,,,,,,0.07,0.02,0.07,0.08,0.08,0.06,2026-06-12T08:38:23.984889,normal,,
Card,https://www.tcgplayer.com/product/610499,https://www.cardmarket.com/en/Pokemon/Products/Singles/Prismatic-Evolutions/Leafeon-ex-V2-PRE144,Leafeon ex - 144/131,Leafeon ex,SV: Prismatic Evolutions,PRE,23821,144/131,Special Illustration Rare,Grass,270.0,Stage 1,,"[""[GC] Verdant Storm (60x)<br> This attack does 60 damage for each Energy attached to all of your opponent's Pokemon."", '[GRW] Moss Agate (230)<br> Heal 100 damage from each of your Benched Pokemon.']",Rx2,,2.0,329.99,360.0,999.0,2026-06-12T08:53:22.81957,331.47,414.67,Holofoil,,,,,,0.0,2026-06-12T08:38:23.984889,holo,,
Card,,https://www.cardmarket.com/en/Pokemon/Products/Singles/Prismatic-Evolutions/Duskull-PRE035,Duskull,,,PRE,23821,35,,,,,,,,,,,,,,,,,0.06,0.02,0.08,0.06,0.07,0.06,2026-06-12T08:38:23.984889,normal,,
Card,https://www.tcgplayer.com/product/610483,https://www.cardmarket.com/en/Pokemon/Products/Singles/Prismatic-Evolutions/Scoop-Up-Cyclone-PRE128,Scoop Up Cyclone,Scoop Up Cyclone,SV: Prismatic Evolutions,PRE,23821,128/131,ACE SPEC Rare,Trainer - Item,,,Put 1 of your Pokemon and all attached cards into your hand.,[],,,,0.1,0.48,999.0,2026-06-12T08:53:22.81957,0.35,0.4,Holofoil,0.47,0.05,0.63,0.44,0.47,0.43,2026-06-12T08:38:23.984889,normal,,
Card,,https://www.cardmarket.com/en/Pokemon/Products/Singles/Prismatic-Evolutions/Leafeon-ex-V1-PRE006,Leafeon ex,,,PRE,23821,6,,,,,,,,,,,,,,,,,3.51,1.45,3.38,3.51,3.53,3.43,2026-06-12T08:38:23.984889,normal,,
Card,,https://www.cardmarket.com/en/Pokemon/Products/Singles/Prismatic-Evolutions/Spritzee-PRE038,Spritzee,,,PRE,23821,38,,,,,,,,,,,,,,,,,0.03,0.02,0.02,0.03,0.03,0.02,2026-06-12T08:38:23.984889,normal,,
Card,https://www.tcgplayer.com/product/618119,,Sylveon ex - 041/131 (Prismatic Evolutions Stamp),Sylveon ex 041 131 Prismatic Evolutions Stamp,Miscellaneous Cards & Products,MCAP,2374,041/131,Promo,Psychic,270.0,Stage 1,,"[""[PCC] Magical Charm (160)<br> During your opponent's next turn, attacks used by the Defending Pokemon do 100 less damage <em>(before applying Weakness and Resistance)</em>."", ""[WLP] Angelite<br> Choose 2 of your opponent's Benched Pokemon. Shuffle those Pokemon and all attached cards into your opponent's deck. If 1 of your Pokemon used Angelite during your last turn, this attack can't be used.""]",Mx2,,2.0,7.62,11.99,4321.0,2026-06-07T08:18:38.119676,10.24,,Holofoil,,,,,,,,,,
Card,,https://www.cardmarket.com/en/Pokemon/Products/Singles/Prismatic-Evolutions/Iron-Thorns-ex-PRE032,Iron Thorns ex,,,PRE,23821,32,,,,,,,,,,,,,,,,,0.7,0.1,0.84,0.67,0.7,0.69,2026-06-12T08:38:23.984889,normal,,
Card,,https://www.cardmarket.com/en/Pokemon/Products/Singles/Prismatic-Evolutions/Jolteon-PRE029,Jolteon,,,PRE,23821,29,,,,,,,,,,,,,,,,,0.24,0.02,0.11,0.16,0.24,0.15,2026-06-12T08:38:23.984889,normal,,
Card,https://www.tcgplayer.com/product/648666,,Jolteon ex - 030/131,Jolteon ex,Prize Pack Series Cards,22880,22880,030/131,Double Rare,Lightning,260.0,Stage 1,,"['[LC] Flashing Spear (60+)<br> You may discard up to 2 Basic Energy from your Benched Pokemon. This attack does 90 more damage for each card you discarded in this way.', ""[RWL] Dravite (280)<br> During your next turn, this Pokemon can't attack.""]",Fx2,,0.0,22.5,27.81,163.0,2026-06-07T08:18:28.653306,22.81,,Holofoil,,,,,,,,,,
Card,,https://www.cardmarket.com/en/Pokemon/Products/Singles/Prismatic-Evolutions/Pupitar-PRE048,Pupitar,,,PRE,23821,48,,,,,,,,,,,,,,,,,0.02,0.02,0.02,0.03,0.02,0.03,2026-06-12T08:38:23.984889,normal,,
Card,,https://www.cardmarket.com/en/Pokemon/Products/Singles/Prismatic-Evolutions/Glaceon-ex-V1-PRE026,Glaceon ex,,,PRE,23821,26,,,,,,,,,,,,,,,,,2.3,0.5,2.3,2.36,2.31,2.31,2026-06-12T08:38:23.984889,normal,,
Card,https://www.tcgplayer.com/product/610530,https://www.cardmarket.com/en/Pokemon/Products/Singles/Prismatic-Evolutions/Lacey-V2-PRE175,Lacey - 175/131,Lacey,SV: Prismatic Evolutions,PRE,23821,175/131,Special Illustration Rare,Trainer - Supporter,,,"Shuffle your hand into your deck. Then, draw 4 cards. If your opponent has 3 or fewer Prize cards remaining, draw 8 cards instead.",[],,,,27.74,30.98,999.0,2026-06-07T08:18:25.063387,28.19,,Holofoil,23.53,17.39,32.0,23.14,23.04,23.99,2026-06-07T07:58:50.864461,normal,,
Card,,https://www.cardmarket.com/en/Pokemon/Products/Singles/Prismatic-Evolutions/Suicune-PRE024,Suicune,,,PRE,23821,24,,,,,,,,,,,,,,,,,0.12,0.02,0.19,0.13,0.12,0.2,2026-06-12T08:38:23.984889,holo,,
Card,https://www.tcgplayer.com/product/610502,https://www.cardmarket.com/en/Pokemon/Products/Singles/Prismatic-Evolutions/Ceruledge-ex-PRE147,Ceruledge ex,Ceruledge ex,SV: Prismatic Evolutions,PRE,23821,147/131,Special Illustration Rare,Fire,270.0,Stage 1,,"['[R] Abyssal Flames (30+)<br> This attack does 20 more damage for each Energy card in your discard pile.', '[RPM] Raging Amethyst (280)<br> Discard all Energy from this Pokemon.']",Wx2,,2.0,94.01,116.24,4321.0,2026-06-12T08:53:22.81957,101.08,,Holofoil,78.56,50.0,78.99,81.78,80.76,86.29,2026-06-12T08:38:23.984889,normal,,
Card,,https://www.cardmarket.com/en/Pokemon/Products/Singles/Prismatic-Evolutions/Pinsir-PRE003,Pinsir,,,PRE,23821,3,,,,,,,,,,,,,,,,,0.09,0.02,0.13,0.06,0.09,0.05,2026-06-12T08:38:23.984889,holo,,
Card,https://www.tcgplayer.com/product/165698,https://www.cardmarket.com/en/Pokemon/Products/Singles/Forbidden-Light/Honedge-FLI047,Honedge (47),Honedge 47,SM - Forbidden Light,SM06,2209,47/131,Common,Psychic,60.0,Basic,,"[""[P] Metal Sound \r\n<br>Your opponent's Active Pokémon is now Confused.""]",Dx2,F-20,2.0,0.04,0.2,19.98,2026-06-07T08:18:32.103877,0.16,,Normal,0.54,0.05,0.25,0.52,0.4,0.47,2026-06-07T07:58:38.080911,holo,,
Card,https://www.tcgplayer.com/product/605528,https://www.cardmarket.com/en/Pokemon/Products/Singles/Premium-Champion-Pack/Cubchoo,Cubchoo,Cubchoo,CP4: Premium Champion Pack,CP4,23972,031/131,,Water,70.0,Basic,,"['[Water] Fury Swipes (10x)<br> Flip 3 coins. This attack does 10 damage times the number of heads.', '[Water][Water][Colorless] Frost Breath (40)']",Metal x2,,2.0,3.69,4.4,5.0,2026-06-07T08:18:41.300825,4.82,,Normal,,0.19,,,,0.0,2026-06-07T07:58:42.177899,normal,,
Card,https://www.tcgplayer.com/product/165671,https://www.cardmarket.com/en/Pokemon/Products/Singles/Forbidden-Light/Froakie-FLI022,Froakie (22),Froakie 22,SM - Forbidden Light,SM06,2209,22/131,Common,Water,70.0,Basic,,"['[W] Rain Splash (10)', '[1W] Wave Splash (20)']",Gx2,,1.0,0.06,0.3,1.67,2026-06-07T08:18:32.103877,0.3,,Normal,0.86,0.3,0.96,0.74,0.83,0.62,2026-06-07T07:58:38.080911,holo,,
Card,https://www.tcgplayer.com/product/605608,https://www.cardmarket.com/en/Pokemon/Products/Singles/Premium-Champion-Pack/Gengar-Spirit-Link,Gengar Spirit Link,Gengar Spirit Link,CP4: Premium Champion Pack,CP4,23972,111/131,,Trainer - Item,,,,[],,,,25.0,25.0,25.0,2026-06-03T10:16:32.039161,29.99,,Normal,52.23,4.0,99.95,34.99,22.22,36.45,2026-06-07T07:58:42.177899,holo,,
Card,https://www.tcgplayer.com/product/605516,https://www.cardmarket.com/en/Pokemon/Products/Singles/Premium-Champion-Pack/Delphox-CP4019,Delphox,Delphox,CP4: Premium Champion Pack,CP4,23972,019/131,,Fire,140.0,Stage 2,,['[Colorless][Colorless][Colorless] Blaze Ball (50+)<br> This attack does 20 more damage for each Fire Energy attached to this Pokémon.'],Water x2,,2.0,5.0,5.0,5.0,2026-06-07T08:18:41.300825,4.5,,Normal,,0.3,,,,0.0,2026-06-07T07:58:42.177899,normal,,
Card,,https://www.cardmarket.com/en/Pokemon/Products/Singles/Prismatic-Evolutions/Budew-PRE004,Budew,,,PRE,23821,4,,,,,,,,,,,,,,,,,0.07,0.02,0.05,0.04,0.08,0.13,2026-06-12T08:38:23.984889,normal,,
Card,,https://www.cardmarket.com/en/Pokemon/Products/Singles/Prismatic-Evolutions/Espeon-PRE033,Espeon,,,PRE,23821,33,,,,,,,,,,,,,,,,,0.24,0.02,0.19,0.23,0.25,0.23,2026-06-12T08:38:23.984889,normal,,
Card,https://www.tcgplayer.com/product/605625,https://www.cardmarket.com/en/Pokemon/Products/Singles/Premium-Champion-Pack/Dimension-Valley,Dimension Valley,Dimension Valley,CP4: Premium Champion Pack,CP4,23972,128/131,,Trainer - Stadium,,,,[],,,,,,,,,,,,0.7,,,,0.0,2026-06-07T07:58:42.177899,normal,,
Card,https://www.tcgplayer.com/product/610480,https://www.cardmarket.com/en/Pokemon/Products/Singles/Prismatic-Evolutions/Professors-Research-Professor-Sycamore-PRE125,Professor's Research [Professor Sycamore],Professors Research Professor Sycamore,SV: Prismatic Evolutions,PRE,23821,125/131,Common,Trainer - Supporter,,,Discard your hand and draw 7 cards.,[],,,,0.01,0.15,999.0,2026-06-12T08:53:22.81957,0.14,0.03,Normal,0.04,0.02,0.03,0.03,0.04,0.03,2026-06-12T08:38:23.984889,normal,,
Card,https://www.tcgplayer.com/product/610473,https://www.cardmarket.com/en/Pokemon/Products/Singles/Prismatic-Evolutions/Ogres-Mask-PRE118,Ogre's Mask,Ogres Mask,SV: Prismatic Evolutions,PRE,23821,118/131,Uncommon,Trainer - Item,,,"Choose a Pokemon ex in your discard pile that has ""Ogerpon"" in its name, and switch it with 1 of your Pokemon ex in play that has ""Ogerpon"" in its name. Any attached cards, damage counters, Special Conditions, turns in play, and any other effects remain on the new Pokemon.",[],,,,0.01,0.2,999.0,2026-06-12T08:53:22.81957,0.19,0.01,Reverse Holofoil,0.02,0.02,0.02,0.03,0.02,0.03,2026-06-12T08:38:23.984889,normal,,
Card,https://www.tcgplayer.com/product/610484,https://www.cardmarket.com/en/Pokemon/Products/Singles/Prismatic-Evolutions/Sparkling-Crystal-PRE129,Sparkling Crystal,Sparkling Crystal,SV: Prismatic Evolutions,PRE,23821,129/131,ACE SPEC Rare,Trainer - Pokemon Tool,,,"When the Tera Pokemon this card is attached to uses an attack, that attack costs 1 Energy less. <em>(The Energy can be of any type.)</em>",[],,,,0.1,0.46,999.0,2026-06-12T08:53:22.81957,0.36,0.39,Holofoil,0.4,0.05,0.65,0.41,0.39,0.43,2026-06-12T08:38:23.984889,normal,,
Card,https://www.tcgplayer.com/product/610485,https://www.cardmarket.com/en/Pokemon/Products/Singles/Prismatic-Evolutions/Techno-Radar-PRE130,Techno Radar,Techno Radar,SV: Prismatic Evolutions,PRE,23821,130/131,Uncommon,Trainer - Item,,,"You can use this card only if you discard another card from your hand.<br>Search your deck for up to 2 Future Pokemon, reveal them, and put them into your hand. Then, shuffle your deck.",[],,,,0.01,0.2,999.0,2026-06-12T08:53:22.81957,0.16,0.01,Reverse Holofoil,0.03,0.02,0.02,0.03,0.02,0.03,2026-06-12T08:38:23.984889,normal,,
Card,https://www.tcgplayer.com/product/610495,https://www.cardmarket.com/en/Pokemon/Products/Singles/Prismatic-Evolutions/Mela-PRE140,Mela,Mela,SV: Prismatic Evolutions,PRE,23821,140/131,Ultra Rare,Trainer - Supporter,,,"You can use this card only if any of your Pokemon were Knocked Out during your opponent's last turn.<br>Attach a Basic Fire Energy card from your discard pile to 1 of your Pokemon. If you do, draw cards until you have 6 cards in your hand.",[],,,,0.23,1.0,999.0,2026-06-12T08:53:22.81957,0.79,,Holofoil,0.91,0.1,0.92,0.87,0.92,0.82,2026-06-12T08:38:23.984889,normal,,
Card,,https://www.cardmarket.com/en/Pokemon/Products/Singles/Prismatic-Evolutions/Munkidori-PRE044,Munkidori,,,PRE,23821,44,,,,,,,,,,,,,,,,,0.3,0.02,0.14,0.26,0.3,0.23,2026-06-12T08:38:23.984889,normal,,
Card,https://www.tcgplayer.com/product/599242,https://www.cardmarket.com/en/Pokemon/Products/Singles/GX-Starter-Decks/Wailmer,Wailmer,Wailmer,smH: GX Starter Decks,smH,23888,027/131,,Water,120.0,Basic,,"['[Water][Colorless] Splash (20)', '[Water][Water][Water][Colorless] Surf (70)']",Grass x2,,3.0,2.0,2.19,2.79,2026-06-07T08:18:40.241278,3.5,,Normal,0.25,0.15,0.25,0.37,0.5,0.36,2026-06-07T07:58:42.177899,normal,,
Card,https://www.tcgplayer.com/product/610516,https://www.cardmarket.com/en/Pokemon/Products/Singles/Prismatic-Evolutions/Umbreon-ex-V2-PRE161,Umbreon ex - 161/131,Umbreon ex,SV: Prismatic Evolutions,PRE,23821,161/131,Special Illustration Rare,Darkness,280.0,Stage 1,,"[""[DCC] Moon Mirage (160)<br> Your opponent's Active Pokemon is now Confused."", '[LPD] Onyx<br> Discard all Energy from this Pokemon, and take a Prize card.']",Gx2,,2.0,1450.0,1939.49,5000.0,2026-06-07T08:18:25.063387,1557.92,1773.95,Holofoil,1149.54,500.0,1000.0,1087.86,1698.34,1863.14,2026-06-07T07:58:50.864461,normal,,
Card,https://www.tcgplayer.com/product/610469,https://www.cardmarket.com/en/Pokemon/Products/Singles/Prismatic-Evolutions/Lacey-V1-PRE114,Lacey - 114/131,Lacey,SV: Prismatic Evolutions,PRE,23821,114/131,Uncommon,Trainer - Supporter,,,"Shuffle your hand into your deck. Then, draw 4 cards. If your opponent has 3 or fewer Prize cards remaining, draw 8 cards instead.",[],,,,0.01,0.2,999.0,2026-06-12T08:53:22.81957,0.17,0.01,Reverse Holofoil,0.12,0.02,0.07,0.07,0.09,0.06,2026-06-12T08:38:23.984889,holo,,
Card,https://www.tcgplayer.com/product/605606,https://www.cardmarket.com/en/Pokemon/Products/Singles/Premium-Champion-Pack/Float-Stone-CP4109,Float Stone,Float Stone,CP4: Premium Champion Pack,CP4,23972,109/131,,Trainer - Item,,,,[],,,,,,,,,,,5.25,5.0,7.5,6.55,4.56,7.19,2026-06-07T07:58:42.177899,holo,,
Card,,https://www.cardmarket.com/en/Pokemon/Products/Singles/Prismatic-Evolutions/Goldeen-PRE020,Goldeen,,,PRE,23821,20,,,,,,,,,,,,,,,,,0.04,0.02,0.02,0.03,0.04,0.04,2026-06-12T08:38:23.984889,normal,,
Card,https://www.tcgplayer.com/product/648637,,Flareon ex - 014/131,Flareon ex,Prize Pack Series Cards,22880,22880,014/131,Double Rare,Fire,270.0,Stage 1,,"['[RC] Burning Charge (130)<br> Search your deck for up to 2 Basic Energy cards and attach them to 1 of your Pokemon. Then, shuffle your deck.', ""[RWL] Carnelian (280)<br> During your next turn, this Pokemon can't attack.""]",Wx2,,2.0,23.38,24.76,414.9,2026-06-07T08:18:28.653306,23.31,,Holofoil,,,,,,,,,,
Card,,https://www.cardmarket.com/en/Pokemon/Products/Singles/Prismatic-Evolutions/Leafeon-PRE005,Leafeon,,,PRE,23821,5,,,,,,,,,,,,,,,,,0.24,0.02,0.16,0.21,0.25,0.16,2026-06-12T08:38:23.984889,normal,,
Card,,https://www.cardmarket.com/en/Pokemon/Products/Singles/Prismatic-Evolutions/Flutter-Mane-PRE043,Flutter Mane,,,PRE,23821,43,,,,,,,,,,,,,,,,,0.05,0.02,0.04,0.04,0.05,0.1,2026-06-12T08:38:23.984889,normal,,
Card,https://www.tcgplayer.com/product/167222,,Zygarde - 72/131 (Cosmos Holo),Zygarde 72 131 Cosmos Holo,Miscellaneous Cards & Products,MCAP,2374,072/131,Promo,Fighting,130.0,Basic,,"[""[2] Glare (20)\r\n<br>Flip a coin. If heads, your opponent's Active Pokémon is now Paralyzed."", '[1FF] Calm Strike (60+)\r\n<br>If you have used your GX attack, this attack does 60 more damage.']",Gx2,,2.0,4.92,6.67,96.95,2026-06-07T08:18:38.119676,5.27,8.39,Holofoil,,,,,,,,,,
Card,,https://www.cardmarket.com/en/Pokemon/Products/Singles/Prismatic-Evolutions/Slowking-PRE019,Slowking,,,PRE,23821,19,,,,,,,,,,,,,,,,,0.03,0.02,0.02,0.03,0.03,0.04,2026-06-12T08:38:23.984889,normal,,
Card,https://www.tcgplayer.com/product/610477,https://www.cardmarket.com/en/Pokemon/Products/Singles/Prismatic-Evolutions/Professors-Research-Professor-Oak-PRE122,Professor's Research [Professor Oak],Professors Research Professor Oak,SV: Prismatic Evolutions,PRE,23821,122/131,Common,Trainer - Supporter,,,Discard your hand and draw 7 cards.,[],,,,0.01,0.2,999.0,2026-06-12T08:53:22.81957,0.21,0.01,Reverse Holofoil,0.04,0.02,0.02,0.02,0.04,0.03,2026-06-12T08:38:23.984889,normal,,
Card,https://www.tcgplayer.com/product/610490,https://www.cardmarket.com/en/Pokemon/Products/Singles/Prismatic-Evolutions/Brassius-PRE135,Brassius,Brassius,SV: Prismatic Evolutions,PRE,23821,135/131,Ultra Rare,Trainer - Supporter,,,"Count the cards in your hand, shuffle those cards into your deck, then draw that many cards plus 1.",[],,,,0.13,0.75,999.0,2026-06-12T08:53:22.81957,0.48,,Holofoil,0.74,0.08,1.14,0.71,0.75,0.72,2026-06-12T08:38:23.984889,normal,,
Card,https://www.tcgplayer.com/product/610460,https://www.cardmarket.com/en/Pokemon/Products/Singles/Prismatic-Evolutions/Crispin-V1-PRE105,Crispin - 105/131,Crispin,SV: Prismatic Evolutions,PRE,23821,105/131,Uncommon,Trainer - Supporter,,,"Search your deck for up to 2 Basic Energy cards of different types, reveal them, and put 1 of them into your hand. Attach the other to 1 of your Pokemon. Then, shuffle your deck.",[],,,,0.02,0.27,999.0,2026-06-12T08:53:22.81957,0.26,0.03,Reverse Holofoil,0.1,0.02,0.1,0.09,0.1,0.12,2026-06-12T08:38:23.984889,normal,,
Card,,https://www.cardmarket.com/en/Pokemon/Products/Singles/Prismatic-Evolutions/Vaporeon-PRE022,Vaporeon,,,PRE,23821,22,,,,,,,,,,,,,,,,,0.32,0.02,0.29,0.3,0.29,0.28,2026-06-12T08:38:23.984889,holo,,
Card,https://www.tcgplayer.com/product/165670,https://www.cardmarket.com/en/Pokemon/Products/Singles/Forbidden-Light/Froakie-FLI21,Froakie (21),Froakie 21,SM - Forbidden Light,SM06,2209,21/131,Common,Water,50.0,Basic,"<strong>Ability — Frubbles</strong>
<br>If this Pokémon has any Water Energy attached to it, it has no Retreat Cost.",['[2] Flop (20)'],Gx2,,1.0,0.08,0.26,10.0,2026-06-07T08:18:32.103877,0.27,,Normal,0.09,0.02,0.04,0.09,0.11,0.13,2026-06-07T07:58:38.080911,normal,,
Card,https://www.tcgplayer.com/product/610493,https://www.cardmarket.com/en/Pokemon/Products/Singles/Prismatic-Evolutions/Giacomo-PRE138,Giacomo,Giacomo,SV: Prismatic Evolutions,PRE,23821,138/131,Ultra Rare,Trainer - Supporter,,,Discard a Special Energy from each of your opponent's Pokemon.,[],,,,0.18,0.75,999.99,2026-06-12T08:53:22.81957,0.59,,Holofoil,0.74,0.09,0.44,0.7,0.74,0.7,2026-06-12T08:38:23.984889,normal,,
Card,https://www.tcgplayer.com/product/610463,https://www.cardmarket.com/en/Pokemon/Products/Singles/Prismatic-Evolutions/Festival-Grounds-PRE108,Festival Grounds,Festival Grounds,SV: Prismatic Evolutions,PRE,23821,108/131,Uncommon,Trainer - Stadium,,,Each Pokemon that has any Energy attached <em>(both yours and your opponent's)</em> recovers from all Special Conditions and can't be affected by any Special Conditions.,[],,,,0.01,0.16,999.0,2026-06-12T08:53:22.81957,0.14,0.01,Normal,0.06,0.02,0.03,0.06,0.06,0.05,2026-06-12T08:38:23.984889,normal,,
Card,https://www.tcgplayer.com/product/610515,https://www.cardmarket.com/en/Pokemon/Products/Singles/Prismatic-Evolutions/Cornerstone-Mask-Ogerpon-ex-V2-PRE160,Cornerstone Mask Ogerpon ex - 160/131,Cornerstone Mask Ogerpon ex,SV: Prismatic Evolutions,PRE,23821,160/131,Special Illustration Rare,Fighting,210.0,Basic,<strong>Ability: Cornerstone Stance</strong> Prevent all damage from attacks done to this Pokemon by your opponent's Pokemon that have an Ability.,"[""[FCC] Demolish (140)<br> This attack's damage isn't affected by Weakness or Resistance, or by any effects on your opponent's Active Pokemon.""]",Gx2,,1.0,13.0,19.08,4321.0,2026-06-12T08:53:22.81957,16.88,,Holofoil,,,,,,0.0,2026-06-12T08:38:23.984889,holo,,
Card,https://www.tcgplayer.com/product/610470,https://www.cardmarket.com/en/Pokemon/Products/Singles/Prismatic-Evolutions/Larrys-Skill-V1-PRE115,Larry's Skill - 115/131,Larry's Skill,SV: Prismatic Evolutions,PRE,23821,115/131,Common,Trainer - Supporter,,,"Discard your hand and search your deck for a Pokemon, a Supporter card, and a Basic Energy card, reveal them, and put them into your hand. Then, shuffle your deck.",[],,,,0.01,0.22,999.0,2026-06-12T08:53:22.81957,0.21,0.01,Reverse Holofoil,0.07,0.02,0.05,0.06,0.07,0.06,2026-06-12T08:38:23.984889,normal,,
Card,https://www.tcgplayer.com/product/610456,https://www.cardmarket.com/en/Pokemon/Products/Singles/Prismatic-Evolutions/Buddy-Buddy-Poffin-PRE101,Buddy-Buddy Poffin,Buddy Buddy Poffin,SV: Prismatic Evolutions,PRE,23821,101/131,Uncommon,Trainer - Item,,,"Search your deck for up to 2 Basic Pokemon with 70 HP or less and put them onto your Bench. Then, shuffle your deck.",[],,,,0.01,0.23,999.0,2026-06-12T08:53:22.81957,0.21,0.13,Normal,0.12,0.02,0.08,0.09,0.11,0.11,2026-06-12T08:38:23.984889,normal,,
Card,https://www.tcgplayer.com/product/610492,https://www.cardmarket.com/en/Pokemon/Products/Singles/Prismatic-Evolutions/Friends-in-Paldea-V2-PRE137,Friends in Paldea - 137/131,Friends in Paldea,SV: Prismatic Evolutions,PRE,23821,137/131,Ultra Rare,Trainer - Supporter,,,Draw 3 cards.,[],,,,0.5,1.2,4321.0,2026-06-12T08:53:22.81957,1.17,,Holofoil,1.14,0.15,1.53,1.31,1.16,1.19,2026-06-12T08:38:23.984889,normal,,
Card,,https://www.cardmarket.com/en/Pokemon/Products/Singles/Prismatic-Evolutions/Vaporeon-ex-V1-PRE023,Vaporeon ex,,,PRE,23821,23,,,,,,,,,,,,,,,,,2.9,0.99,3.36,2.93,2.94,3.21,2026-06-12T08:38:23.984889,normal,,
Card,https://www.tcgplayer.com/product/610505,https://www.cardmarket.com/en/Pokemon/Products/Singles/Prismatic-Evolutions/Glaceon-ex-V2-PRE150,Glaceon ex - 150/131,Glaceon ex,SV: Prismatic Evolutions,PRE,23821,150/131,Special Illustration Rare,Water,270.0,Stage 1,,"[""[WC] Frost Bullet (110)<br> This attack also does 30 damage to 1 of your opponent's Benched Pokemon. <em>(Don't apply Weakness and Resistance for Benched Pokemon.)</em>"", ""[GWD] Euclase<br> Knock Out 1 of your opponent's Pokemon that has exactly 6 damage counters on it.""]",Mx2,,1.0,295.0,443.44,1967.86,2026-06-12T08:53:22.81957,299.04,443.41,Holofoil,167.15,100.0,125.0,158.92,163.78,159.04,2026-06-12T08:38:23.984889,normal,,
Card,https://www.tcgplayer.com/product/610498,https://www.cardmarket.com/en/Pokemon/Products/Singles/Prismatic-Evolutions/Tyme-PRE143,Tyme,Tyme,SV: Prismatic Evolutions,PRE,23821,143/131,Ultra Rare,Trainer - Supporter,,,"Tell your opponent the name of a Pokemon in your hand and put that Pokemon face down in front of you. Your opponent guesses that Pokemon's HP, and then you reveal it. If your opponent guessed right, they draw 4 cards. If they guessed wrong, you draw 4 cards. Then, return the Pokemon to your hand.",[],,,,0.15,0.65,4321.0,2026-06-12T08:53:22.81957,0.57,,Holofoil,0.63,0.05,0.94,0.75,0.65,0.61,2026-06-12T08:38:23.984889,normal,,
Card,https://www.tcgplayer.com/product/610462,https://www.cardmarket.com/en/Pokemon/Products/Singles/Prismatic-Evolutions/Explorers-Guidance-PRE107,Explorer's Guidance,Explorers Guidance,SV: Prismatic Evolutions,PRE,23821,107/131,Uncommon,Trainer - Supporter,,,Look at the top 6 cards of your deck and put 2 of them into your hand. Discard the other cards.,[],,,,0.01,0.2,999.0,2026-06-12T08:53:22.81957,0.2,0.02,Reverse Holofoil,0.04,0.02,0.02,0.02,0.04,0.06,2026-06-12T08:38:23.984889,normal,,
Card,,https://www.cardmarket.com/en/Pokemon/Products/Singles/Prismatic-Evolutions/Dusknoir-PRE037,Dusknoir,,,PRE,23821,37,,,,,,,,,,,,,,,,,0.19,0.02,0.25,0.18,0.18,0.2,2026-06-12T08:38:23.984889,holo,,
Card,https://www.tcgplayer.com/product/610464,https://www.cardmarket.com/en/Pokemon/Products/Singles/Prismatic-Evolutions/Friends-in-Paldea-V1-PRE109,Friends in Paldea - 109/131,Friends in Paldea,SV: Prismatic Evolutions,PRE,23821,109/131,Common,Trainer - Supporter,,,Draw 3 cards.,[],,,,0.01,0.17,999.0,2026-06-12T08:53:22.81957,0.17,0.01,Normal,0.03,0.02,0.02,0.02,0.03,0.04,2026-06-12T08:38:23.984889,normal,,
